Workbook

Sheet summary
A1: class | B1: class_id | C1: count | D1: % | E1: mean_confidence | F1: median_confidence | G1: average_area_μm2
A2: bacilli | B2: 8 | C2: =COUNTIF('raw data'!$B$2:$B$2080,A2) -> 40 | D2: =C2/$C$10 -> 0.019249278 | E2: 0.4483 | F2: 0.4155 | G2: 2.6663
A3: diplococci | B3: 0 | C3: =COUNTIF('raw data'!$B$2:$B$2080,A3) -> 1202 | D3: =C3/$C$10 -> 0.57844081 | E3: 0.7101 | F3: 0.7732 | G3: 2.6824
A4: double cells | B4: 5 | C4: =COUNTIF('raw data'!$B$2:$B$2080,A4) -> 21 | D4: =C4/$C$10 -> 0.010105871 | E4: 0.4991 | F4: 0.5175 | G4: 2.849 | S4: targetValue = 'diplococci'; % Замените на нужное значение (число, строка и т.д.)
A5: long rods | B5: 3 | C5: =COUNTIF('raw data'!$B$2:$B$2080,A5) -> 110 | D5: =C5/$C$10 -> 0.052935515 | E5: 0.4217 | F5: 0.4066 | G5: 1.6276
A6: monococci | B6: 2 | C6: =COUNTIF('raw data'!$B$2:$B$2080,A6) -> 341 | D6: =C6/$C$10 -> 0.1641001 | E6: 0.6652 | F6: 0.7079 | G6: 1.9067 | S6: % Логическая индексация: выбираем строки, где столбец 2 равен targetValue
A7: small rods | B7: 6 | C7: =COUNTIF('raw data'!$B$2:$B$2080,A7) -> 165 | D7: =C7/$C$10 -> 0.079403272 | E7: 0.5191 | F7: 0.5313 | G7: 1.0514 | S7: rows = sum_T{:, 2} == targetValue;
A8: tetracocci | B8: 1 | C8: =COUNTIF('raw data'!$B$2:$B$2080,A8) -> 199 | D8: =C8/$C$10 -> 0.095765159 | E8: 0.5583 | F8: 0.5657 | G8: 4.1369
A9: thin rod | B9: 7 | C9: =COUNTIF('raw data'!$B$2:$B$2080,A9) -> 1 | D9: =C9/$C$10 -> 0.00048123195
C10: =SUM(C2:C8) -> 2078 | D10: =SUM(D2:D9) -> 1.0004812 | S10: % Извлекаем значения из столбца 6 для выбранных строк
S11: result = sum_T{rows, 6};
S12: area = sum_T{rows, 5};
S14: % histogram(result)
S16: % n = length(result);
S17: % av = mean(result);
S18: % md = median(result);
S20: targetValue2 = 'monococci';
S21: rows2 = sum_T{:, 2} == targetValue2;
S22: result2 = sum_T{rows2, 6};
S23: area2 = sum_T{rows2, 5};
S25: targetValue3 = 'tetracocci';
S26: rows3 = sum_T{:, 2} == targetValue3;
... S33: legend('diplococci','monococci','tetracocci')

Sheet raw data
A1: object_id | B1: class | C1: class_id | D1: area_pixels | E1: area_μm2 | F1: confidence
A2: 1_2025-07-02_23_42_06_obj_0 | B2: diplococci | C2: 0 | D2: 195 | E2: =D2*(5/46)^2 -> 2.3038752 | F2: 0.8696
A3: 1_2025-07-02_23_42_06_obj_1 | B3: diplococci | C3: 0 | D3: 199 | E3: =D3*(5/46)^2 -> 2.3511342 | F3: 0.868
A4: 1_2025-07-02_23_42_06_obj_2 | B4: diplococci | C4: 0 | D4: 181 | E4: =D4*(5/46)^2 -> 2.1384688 | F4: 0.8672
A5: 1_2025-07-02_23_42_06_obj_3 | B5: diplococci | C5: 0 | D5: 186 | E5: =D5*(5/46)^2 -> 2.1975425 | F5: 0.866
A6: 1_2025-07-02_23_42_06_obj_4 | B6: diplococci | C6: 0 | D6: 224 | E6: =D6*(5/46)^2 -> 2.6465028 | F6: 0.8626
A7: 1_2025-07-02_23_42_06_obj_5 | B7: diplococci | C7: 0 | D7: 224 | E7: =D7*(5/46)^2 -> 2.6465028 | F7: 0.8623
A8: 1_2025-07-02_23_42_06_obj_6 | B8: diplococci | C8: 0 | D8: 241 | E8: =D8*(5/46)^2 -> 2.8473535 | F8: 0.862
A9: 1_2025-07-02_23_42_06_obj_7 | B9: diplococci | C9: 0 | D9: 217 | E9: =D9*(5/46)^2 -> 2.5637996 | F9: 0.8618
A10: 1_2025-07-02_23_42_06_obj_8 | B10: diplococci | C10: 0 | D10: 228 | E10: =D10*(5/46)^2 -> 2.6937618 | F10: 0.8615
A11: 1_2025-07-02_23_42_06_obj_9 | B11: diplococci | C11: 0 | D11: 242 | E11: =D11*(5/46)^2 -> 2.8591682 | F11: 0.8602
A12: 1_2025-07-02_23_42_06_obj_10 | B12: diplococci | C12: 0 | D12: 255 | E12: =D12*(5/46)^2 -> 3.0127599 | F12: 0.8601
A13: 1_2025-07-02_23_42_06_obj_11 | B13: diplococci | C13: 0 | D13: 243 | E13: =D13*(5/46)^2 -> 2.870983 | F13: 0.8596
... A2080: 11_2025-07-02_23_46_16_obj_89 | B2080: monococci | C2080: 2 | D2080: 239 | E2080: =D2080*(5/46)^2 -> 2.823724 | F2080: 0.2677
